{"accuracy":0.8380060198,"precision":0.9150680693,"recall":0.5824143364,"f1":0.7117930205,"roc_auc":0.9216305098,"pr_auc":0.8645772315,"cm_path":"\/home\/siham\/Bureau\/mila\/publication_outputs_advanced\/cm_final_calibrated_stacking.png"}