{
  "seed": 42,
  "n_rows": 29569,
  "n_features": 13,
  "nested_cv_summary": [
    {
      "model": "rf",
      "mean_f1": 0.6063933804067174,
      "std_f1": 0.00381120051880789
    },
    {
      "model": "xgb",
      "mean_f1": 0.6054689847044192,
      "std_f1": 0.007196026045918022
    },
    {
      "model": "lr",
      "mean_f1": 0.5743627515597838,
      "std_f1": 0.008360215199246596
    }
  ],
  "final_metrics": {
    "accuracy": 0.8380060198180527,
    "precision": 0.9150680693069307,
    "recall": 0.5824143363528949,
    "f1": 0.7117930204572804,
    "roc_auc": 0.921630509754318,
    "pr_auc": 0.8645772314606237,
    "cm_path": "/home/siham/Bureau/mila/publication_outputs_advanced/cm_final_calibrated_stacking.png"
  },
  "imbalance_learn_available": false,
  "shap_available": true
}