model,mean_f1,std_f1
rf,0.6063933804067174,0.00381120051880789
xgb,0.6054689847044192,0.007196026045918022
lr,0.5743627515597838,0.008360215199246596
